IDBI Bank — PAN Details for Dedupe Check,,
We request the PAN numbers associated with the following CUST IDs to do a dedupe check.,,
Kindly provision the same at the earliest.,,
,,
SAV_REGULAR (SB001 / RSAV),,
CUST ID,PAN Number,Customer Name
990000010,QVCBJ1035B,VANDANAGHOSH
990000030,UZALX1175F,ANITAJOSHI
990000037,AELYM1224M,AMITTIWARI
990000040,LBXKF1245G,SONALIPILLAI
990000055,ZFEDY1350Y,ANJALIDESAI
990000059,YGCUD1378K,MADHURIYADAV
990000060,BNVPN1385T,MADHURIGHOSH
990000082,YTNMG1539F,RAVIJOSHI
990000089,UMNSA1588Z,AJAYYADAV
990000092,RACAL1609S,RITUIYER
990000106,CPCFF0566A,KUSHALKAMATH
990000107,INPLJ8819J,JYOTIREDDY
990000109,WHLWA6109S,USHACHAKRABORTY
990000110,OPRWB3935W,SACHINCHOPRA
990000113,YWWCS3089U,DEVRAJKALE
990000116,DBIJJ0336Y,ISHAIYER
990000118,RWEUA7626H,ARCHANAPATEL
,,
SAV_ZEROBAL (SB002 / ZBAL),,
CUST ID,PAN Number,Customer Name
990000012,AAXGR1049C,ANJALIRAO
990000014,CDYLL1063J,GAURAVREDDY
990000020,HUSGT1105C,ANITAKAPOOR
990000021,XXLPA1112R,SUNITAMISHRA
990000023,WTUEG1126M,PRAVEENBHATT
990000042,AUXUM1259U,ARJUNPILLAI
990000046,SETYB1287Q,DIVYANAIR
990000047,SNNNR1294R,DEEPAKJOSHI
990000048,EJURS1301P,VARUNTIWARI
990000053,TQGRC1336B,ANJALIGHOSH
990000056,GQVSW1357H,ASHOKCHAUHAN
990000064,YURCJ1413W,SHREYAYADAV
990000080,VUXJW1525S,MADHURIVERMA
990000091,TXAVN1602G,PRAVEENPILLAI
990000095,CMJRL1630U,NITINIYER
990000100,CZSRG1665J,RITUJOSHI
990000101,MUDDE3783E,AJAYKAPOOR
,,
SAV_SALARY (SB003 / SSAL),,
CUST ID,PAN Number,Customer Name
990000007,WDQSS1014V,RAVIBHATT
990000034,USDAE1203E,SANDEEPYADAV
990000041,PZDKG1252V,SNEHARAO
990000044,MWTVA1273D,SANJAYTIWARI
990000049,TKUQZ1308B,MANOJKAPOOR
990000052,XHBJC1329K,KIRANBHATT
990000071,NMYTT1462M,DEEPAKSINGH
990000081,ZLWUA1532B,SHILPAMEHTA
990000085,GDUWC1560W,ANILSHARMA
990000099,MQJPB1658E,SHREYABOSE
990000104,VBIJU3837C,MUKESHKAMBLE
990000108,ICXAQ7205Y,MOHANBHATT
990000110,OPRWB3935W,SACHINCHOPRA
990000111,RJCHH7359V,RAKESHBOSE
990000112,DMRNA6648G,ANJUBANSAL
990000118,RWEUA7626H,ARCHANAPATEL
990000119,QKGPZ3187O,VINAYTANEJA
,,
SAV_SENIOR (SB004 / SSNR),,
CUST ID,PAN Number,Customer Name
990000033,TTJEM1196U,ARJUNTIWARI
990000043,SQAVJ1266K,VARUNREDDY
990000050,FZMMV1315Y,DEEPAKSHARMA
990000066,DHDZM1427L,SNEHAREDDY
990000070,YYVUW1455P,SHILPAAGARWAL
990000083,RZGVZ1546W,NEHAPILLAI
990000104,VBIJU3837C,MUKESHKAMBLE
990000106,CPCFF0566A,KUSHALKAMATH
990000120,UERAF6502N,SUSHILMUKHERJEE
990000123,LWGWR5564E,RITUPANDEY
990000125,YQBHI2853N,SAPNAYADAV
990000132,GKZUR7081T,RATNASINHA
990000133,IAVKZ9113C,PRASHANTKAMBLE
990000135,PNPFK6852A,VIKRAMKAMATH
990000154,WXDCM9561J,KARANYADAV
990000162,YIKEP3090A,SWATIKAMBLE
990000164,LCGPG0380J,ASHAKAMATH
,,
SAV_MINOR (SB005 / SMNR),,
CUST ID,PAN Number,Customer Name
990000019,VZCRX1098Y,SURESHCHAUHAN
990000031,VWPAE1182R,SONALIPILLAI
990000038,FDAFS1231N,AMITNAIR
990000063,UWNRQ1406P,DIVYASHARMA
990000074,ANLRA1483D,SANDEEPREDDY
990000075,LKXWR1490B,DIVYAVERMA
990000086,JBNAV1567A,POOJASINGH
990000094,XXLEZ1623P,ANJALIGHOSH
990000096,RLLWZ1637C,VIVEKYADAV
990000102,ONOJS1071M,ASHABHAVE
990000109,WHLWA6109S,USHACHAKRABORTY
990000114,QHNYS3037P,KUSUMMISHRA
990000117,KXMTO6458Q,PRAVEENRAO
990000131,CMAOO3483E,NARESHBHAVE
990000134,TFUFI4370C,GEETHARATHORE
990000139,OFWGZ2118Z,MAMTACHOPRA
990000146,VZUTH7346F,SUDHARAO
,,
SAV_WOMEN (SB006 / SWMN),,
CUST ID,PAN Number,Customer Name
990000015,TLPTW1070A,KAVYAYADAV
990000022,ASTKG1119J,RAJESHDESAI
990000045,YHBHD1280K,MADHURICHAUHAN
990000068,AWZGF1441Z,SONALIYADAV
990000079,BBZNM1518M,NITINIYER
990000084,CDPAW1553U,RITUTIWARI
990000088,YYZJD1581Q,SHILPADESAI
990000093,LHSYJ1616Q,NEHAYADAV
990000111,RJCHH7359V,RAKESHBOSE
990000116,DBIJJ0336Y,ISHAIYER
990000117,KXMTO6458Q,PRAVEENRAO
990000122,ARLVQ3231M,SANJAYAPTE
990000123,LWGWR5564E,RITUPANDEY
990000127,QMLXS9914H,TEJPALGUPTA
990000129,WZFTD6654F,DEEPAKROY
990000142,LVJDX9365U,SURESHCHAVAN
990000145,UCOJO9319R,KAMALIYER
,,
SAV_STUDENT (SB007 / SSTU),,
CUST ID,PAN Number,Customer Name
990000016,PLAYH1077B,SANDEEPRAO
990000024,CQBFM1133N,SWATIRAO
990000025,LBNZQ1140C,KAVYADESAI
990000026,FVGHJ1147U,PRIYAMISHRA
990000028,YJZHG1161P,SANJAYJOSHI
990000036,BRASZ1217K,NITINIYER
990000061,PPMFN1392X,ASHOKPILLAI
990000076,ADWBG1497Z,SHREYADESAI
990000077,CQJDK1504D,SUNITAIYER
990000105,VSUAS1510A,ANJURATHORE
990000108,ICXAQ7205Y,MOHANBHATT
990000116,DBIJJ0336Y,ISHAIYER
990000125,YQBHI2853N,SAPNAYADAV
990000130,TQDIZ0691K,MONAKAPOOR
990000137,AKBVI5819Q,TINABHATT
990000139,OFWGZ2118Z,MAMTACHOPRA
990000154,WXDCM9561J,KARANYADAV
,,
SAV_PREMIUM (SB008 / SPRM),,
CUST ID,PAN Number,Customer Name
990000013,MLTGM1056Q,MEERAMEHTA
990000018,RVSPB1091P,VIVEKKAPOOR
990000035,JYSFN1210S,POOJACHAUHAN
990000039,XYSKE1238N,ARJUNIYER
990000065,JMLBQ1420B,ASHOKMISHRA
990000072,GYSHH1469Y,AJAYGHOSH
990000090,QAPEG1595T,VANDANAPILLAI
990000097,FEUWS1644J,PALLAVIGHOSH
990000098,KHMLD1651Z,GAURAVAGARWAL
990000102,ONOJS1071M,ASHABHAVE
990000107,INPLJ8819J,JYOTIREDDY
990000114,QHNYS3037P,KUSUMMISHRA
990000121,YBKLA8165V,PRIYAMAHAJAN
990000123,LWGWR5564E,RITUPANDEY
990000133,IAVKZ9113C,PRASHANTKAMBLE
990000136,SHAQQ9167Z,RAJESHREDDY
990000144,RIEYI6004S,DILIPGOWDA
,,
CUR_REGULAR (CA001 / RCUR),,
CUST ID,PAN Number,Customer Name
990000005,QYZME1000X,POOJAKAPOOR
990000006,EBBXJ1007T,REKHAIYER
990000008,LRFKJ1021J,RITUDESAI
990000011,XFLMF1042M,ARJUNBOSE
990000017,WHRZX1084X,VANDANACHAUHAN
990000051,ZQWGH1322A,PALLAVIKAPOOR
990000058,JRLMW1371A,MADHURIPILLAI
990000078,NCQXY1511G,KIRANPILLAI
990000110,OPRWB3935W,SACHINCHOPRA
990000115,EKRYD0718S,PRADEEPGOWDA
990000117,KXMTO6458Q,PRAVEENRAO
990000118,RWEUA7626H,ARCHANAPATEL
990000119,QKGPZ3187O,VINAYTANEJA
990000120,UERAF6502N,SUSHILMUKHERJEE
990000121,YBKLA8165V,PRIYAMAHAJAN
990000124,GFGRB0960K,DINESHPAWAR
990000127,QMLXS9914H,TEJPALGUPTA
,,
CUR_PREMIUM (CA002 / PCUR),,
CUST ID,PAN Number,Customer Name
990000029,MPSLW1168S,VANDANASINGH
990000032,YASZK1189B,ARJUNGHOSH
990000062,UBLJS1399N,NEHABOSE
990000069,VPDJQ1448N,SUNITASHARMA
990000105,VSUAS1510A,ANJURATHORE
990000112,DMRNA6648G,ANJUBANSAL
990000113,YWWCS3089U,DEVRAJKALE
990000115,EKRYD0718S,PRADEEPGOWDA
990000118,RWEUA7626H,ARCHANAPATEL
990000119,QKGPZ3187O,VINAYTANEJA
990000121,YBKLA8165V,PRIYAMAHAJAN
990000141,BZSRQ9508I,LALITAAGARWAL
990000142,LVJDX9365U,SURESHCHAVAN
990000144,RIEYI6004S,DILIPGOWDA
990000149,HCEAK2788O,ARUNMUKHERJEE
990000152,QJJGA2832L,SUNILPANDEY
990000155,QONRH9863U,PALLAVIKRISHNA
,,
CUR_STARTUP (CA003 / SCUR),,
CUST ID,PAN Number,Customer Name
990000009,EYWZW1028D,RAJESHSHARMA
990000027,RGCRE1154P,GAURAVSINGH
990000054,ZSHZA1343N,NITINJOSHI
990000057,ZNMTS1364N,DIVYABHATT
990000067,FPARK1434W,SURESHTIWARI
990000073,AUPWC1476Q,PRIYASHARMA
990000087,JUSPB1574X,DEEPAKNAIR
990000109,WHLWA6109S,USHACHAKRABORTY
990000111,RJCHH7359V,RAKESHBOSE
990000112,DMRNA6648G,ANJUBANSAL
990000115,EKRYD0718S,PRADEEPGOWDA
990000126,MSAMM6600I,VINODKRISHNA
990000138,YUUMB6806X,HARISHCHAKRABORTY
990000140,EHPHM3535W,PRAKASHBOSE
990000146,VZUTH7346F,SUDHARAO
990000156,DKYYX6201H,RAVIGUPTA
990000162,YIKEP3090A,SWATIKAMBLE
,,
CUR_TRADER (CA004 / TCUR),,
CUST ID,PAN Number,Customer Name
990000102,ONOJS1071M,ASHABHAVE
990000103,SIXYP0412D,SATISHPRASAD
990000105,VSUAS1510A,ANJURATHORE
990000106,CPCFF0566A,KUSHALKAMATH
990000107,INPLJ8819J,JYOTIREDDY
990000109,WHLWA6109S,USHACHAKRABORTY
990000110,OPRWB3935W,SACHINCHOPRA
990000123,LWGWR5564E,RITUPANDEY
990000133,IAVKZ9113C,PRASHANTKAMBLE
990000136,SHAQQ9167Z,RAJESHREDDY
990000138,YUUMB6806X,HARISHCHAKRABORTY
990000140,EHPHM3535W,PRAKASHBOSE
990000143,OUNDH6807R,MEERAMISHRA
990000158,JXTTI2930G,NEERAJROY
990000163,ZSSVK9713B,AJAYRATHORE
990000165,FFNRV5453Z,SATISHREDDY
990000167,LSHMG2182Y,VIVEKCHAKRABORTY
,,
CUR_CORP (CA005 / CCUR),,
CUST ID,PAN Number,Customer Name
990000103,SIXYP0412D,SATISHPRASAD
990000108,ICXAQ7205Y,MOHANBHATT
990000113,YWWCS3089U,DEVRAJKALE
990000117,KXMTO6458Q,PRAVEENRAO
990000132,GKZUR7081T,RATNASINHA
990000134,TFUFI4370C,GEETHARATHORE
990000137,AKBVI5819Q,TINABHATT
990000147,APJFZ6058P,KARTIKPATEL
990000154,WXDCM9561J,KARANYADAV
990000163,ZSSVK9713B,AJAYRATHORE
990000164,LCGPG0380J,ASHAKAMATH
990000168,OMSXL5507X,KUSHALCHOPRA
990000184,PBNWW1623W,NEHAKRISHNA
990000185,ILYCF5873A,RITUGUPTA
990000191,WVLJF6851C,SHWETAKAMBLE
990000192,MQFWO5009B,GANESHRATHORE
990000199,IYZTB8512V,SUBHASHAGARWAL
,,
CUR_FOREIGN (CA006 / FCUR),,
CUST ID,PAN Number,Customer Name
990000101,MUDDE3783E,AJAYKAPOOR
990000105,VSUAS1510A,ANJURATHORE
990000124,GFGRB0960K,DINESHPAWAR
990000125,YQBHI2853N,SAPNAYADAV
990000128,FVIXI3392B,SNEHAMODI
990000130,TQDIZ0691K,MONAKAPOOR
990000131,CMAOO3483E,NARESHBHAVE
990000159,RDENP3552M,SUSHMABHATIA
990000161,SEXZY2084D,KUNALSINHA
990000162,YIKEP3090A,SWATIKAMBLE
990000165,FFNRV5453Z,SATISHREDDY
990000166,ZXBAX8679S,KALPANABHATT
990000168,OMSXL5507X,KUSHALCHOPRA
990000188,ZPQFS2631F,VINODBHATIA
990000190,GDLAD8360D,RAHULSINHA
990000196,RUNLW4689Y,GEETHADUTTA
990000198,EPIWN1088I,DIVYAGHOSH